,Adj Close,Adj Close,Adj Close,Adj Close,Adj Close,Adj Close,Close,Close,Close,Close,Close,Close,High,High,High,High,High,High,Low,Low,Low,Low,Low,Low,Open,Open,Open,Open,Open,Open,Volume,Volume,Volume,Volume,Volume,Volume
,AAPL,AMZN,BABA,BIDU,FB,GOOGL,AAPL,AMZN,BABA,BIDU,FB,GOOGL,AAPL,AMZN,BABA,BIDU,FB,GOOGL,AAPL,AMZN,BABA,BIDU,FB,GOOGL,AAPL,AMZN,BABA,BIDU,FB,GOOGL,AAPL,AMZN,BABA,BIDU,FB,GOOGL
Date,,,,,,,,,,,,,,,,,,,,,,,,,,,,,,,,,,,,
2019-12-31,72.68,1847.84,212.1,126.4,205.25,1339.39,73.41,1847.84,212.1,126.4,205.25,1339.39,73.42,1853.26,213.64,126.9,205.56,1340.66,72.38,1832.23,210.73,124.67,203.6,1332.13,72.48,1842.0,212.0,125.53,204.0,1335.79,100805600,2506500,6773600,1863900,8953500,975700
2020-01-02,74.33,1898.01,219.77,138.22,209.78,1368.68,75.09,1898.01,219.77,138.22,209.78,1368.68,75.15,1898.01,219.98,138.64,209.79,1368.68,73.8,1864.15,216.54,129.44,206.27,1346.49,74.06,1875.0,216.6,129.49,206.75,1348.41,135480400,4029000,15873500,8001400,12077100,1363900
2020-01-03,73.61,1874.97,217.0,133.8,208.67,1361.52,74.36,1874.97,217.0,133.8,208.67,1361.52,75.14,1886.2,218.2,137.16,210.4,1373.75,74.12,1864.5,216.01,133.78,206.95,1347.32,74.29,1864.5,216.35,134.58,207.21,1348.0,146322800,3764400,8604500,5184800,11188400,1170400
2020-01-06,74.2,1902.88,216.64,135.94,212.6,1397.81,74.95,1902.88,216.64,135.94,212.6,1397.81,74.99,1903.69,217.16,136.74,212.78,1398.32,73.19,1860.0,214.09,132.51,206.52,1351.0,73.45,1860.0,214.89,132.78,206.7,1351.63,118387200,4061800,11885500,3930700,17058900,2338400
2020-01-07,73.85,1906.86,217.63,136.7,213.06,1395.11,74.6,1906.86,217.63,136.7,213.06,1395.11,75.22,1913.89,218.94,139.47,214.58,1403.5,74.37,1892.04,216.69,135.4,211.75,1391.56,74.96,1904.5,217.64,138.19,212.82,1400.46,108872000,4044900,9388000,4535800,14912400,1716500
2020-01-08,75.04,1891.97,218.0,137.83,215.22,1405.04,75.8,1891.97,218.0,137.83,215.22,1405.04,76.11,1911.0,220.65,139.17,216.24,1411.85,74.29,1886.44,216.32,135.7,212.61,1392.63,74.29,1898.04,216.6,136.74,213.0,1394.82,132079200,3508000,11959100,3818900,13475000,1765700
2020-01-09,76.63,1901.05,221.78,140.86,218.3,1419.79,77.41,1901.05,221.78,140.86,218.3,1419.79,77.61,1917.82,223.08,142.48,218.38,1428.68,76.55,1895.8,220.82,140.02,216.28,1410.21,76.81,1909.89,221.5,141.0,217.54,1421.93,170108400,3167300,13122500,6278800,12642800,1660000
2020-01-10,76.8,1883.16,223.83,144.51,218.06,1428.96,77.58,1883.16,223.83,144.51,218.06,1428.96,78.17,1906.94,225.96,144.76,219.88,1434.94,77.06,1880.0,222.06,140.86,217.42,1419.6,77.65,1905.37,223.9,142.62,219.2,1429.47,140644800,2853700,12296000,6739500,12119400,1312900
2020-01-13,78.44,1891.3,230.48,142.26,221.91,1440.03,79.24,1891.3,230.48,142.26,221.91,1440.03,79.27,1898.0,231.14,147.38,221.97,1441.48,77.79,1880.8,227.04,141.75,219.21,1425.37,77.91,1891.31,228.81,147.0,219.6,1435.25,121532000,2780800,17544800,6549300,14463400,1536500
2020-01-14,77.39,1869.44,226.49,140.04,219.06,1430.59,78.17,1869.44,226.49,140.04,219.06,1430.59,79.39,1887.11,230.18,142.2,222.38,1442.63,78.04,1858.55,224.88,138.01,218.63,1427.77,79.18,1885.88,230.05,140.68,221.61,1440.0,161954400,3440900,17266900,4878500,13288900,1303800
2020-01-15,77.05,1862.02,225.06,139.4,221.15,1439.2,77.83,1862.02,225.06,139.4,221.15,1439.2,78.88,1878.86,227.82,141.17,221.68,1440.78,77.39,1855.09,224.39,138.39,220.14,1431.66,77.96,1872.25,226.65,139.57,220.61,1433.02,121923600,2896600,10743400,3710400,10036500,1077500
2020-01-16,78.02,1877.94,223.94,139.49,221.77,1450.16,78.81,1877.94,223.94,139.49,221.77,1450.16,78.93,1885.59,226.33,142.62,222.63,1450.7,78.02,1866.02,222.73,138.8,220.39,1440.0,78.4,1882.99,226.3,142.61,222.57,1445.45,108829200,2659500,13700500,4069900,10015300,1304000
2020-01-17,78.88,1864.72,227.43,139.61,222.14,1479.52,79.68,1864.72,227.43,139.61,222.14,1479.52,79.68,1886.64,228.0,140.99,222.29,1480.55,78.75,1857.25,225.35,138.35,220.53,1456.55,79.07,1885.89,225.9,140.61,222.03,1462.54,137816400,3997300,12956200,4232600,15905900,2621200
2020-01-21,78.35,1892.0,222.26,137.1,221.44,1482.25,79.14,1892.0,222.26,137.1,221.44,1482.25,79.75,1894.27,222.6,139.0,222.37,1489.88,79.0,1860.0,220.73,134.4,219.12,1470.21,79.3,1865.0,222.45,136.49,222.16,1479.0,110843200,3707800,15831100,4090600,14275800,2446500
2020-01-22,78.63,1887.46,222.37,134.8,221.32,1483.87,79.43,1887.46,222.37,134.8,221.32,1483.87,80.0,1902.5,225.58,138.87,222.75,1500.58,79.33,1883.34,222.0,134.72,221.28,1482.66,79.64,1896.09,224.69,138.55,222.31,1489.73,101832400,3216300,10059600,4444000,12212800,1422900
2020-01-23,79.01,1884.58,219.13,134.2,219.76,1484.69,79.81,1884.58,219.13,134.2,219.76,1484.69,79.89,1889.98,220.13,134.38,221.49,1493.5,78.91,1872.76,216.77,131.17,219.27,1480.32,79.48,1885.11,217.93,132.22,220.75,1487.55,104472000,2484600,18519900,4153900,11195000,1332500
2020-01-24,78.78,1861.64,213.75,130.0,217.94,1466.17,79.58,1861.64,213.75,130.0,217.94,1466.17,80.83,1894.99,219.83,134.4,221.78,1494.2,79.38,1847.44,211.32,128.31,216.11,1463.18,80.06,1891.37,218.49,134.25,220.8,1492.82,146537600,3766200,18143900,4309800,11905800,1489300
2020-01-27,76.46,1828.34,205.47,126.28,214.87,1431.73,77.24,1828.34,205.47,126.28,214.87,1431.73,77.94,1841.0,208.02,127.39,216.06,1436.58,76.22,1815.34,199.5,121.0,212.5,1419.5,77.51,1820.0,201.22,122.0,213.1,1431.54,161940000,3528500,24574700,5428600,13810700,1706600
2020-01-28,78.62,1853.25,210.23,126.93,217.79,1450.5,79.42,1853.25,210.23,126.93,217.79,1450.5,79.6,1858.11,210.91,128.3,218.74,1454.8,78.05,1830.02,207.17,125.82,213.52,1430.36,78.15,1840.5,209.74,128.05,216.14,1441.74,162234000,2808000,16196700,2778500,13413800,1486200
2020-01-29,80.27,1858.0,212.02,126.47,223.23,1456.7,81.08,1858.0,212.02,126.47,223.23,1456.7,81.96,1874.75,213.98,128.18,224.2,1464.14,80.35,1855.02,209.52,126.08,218.45,1445.39,81.11,1864.0,212.56,127.97,221.44,1458.46,216229200,2088000,12871900,2428800,33181300,1078300
2020-01-30,80.15,1870.68,208.58,125.74,209.53,1454.25,80.97,1870.68,208.58,125.74,209.53,1454.25,81.02,1872.87,209.86,126.11,211.43,1455.25,79.69,1850.61,205.03,122.32,204.75,1435.0,80.14,1858.0,207.88,123.3,206.53,1438.1,126743200,6327400,14376000,2952100,48775500,1355500
2020-01-31,76.6,2008.72,206.59,123.56,201.91,1432.78,77.38,2008.72,206.59,123.56,201.91,1432.78,80.67,2055.72,207.93,123.88,208.69,1469.67,77.07,2002.27,204.73,122.0,201.06,1427.06,80.23,2051.47,206.5,123.2,208.43,1467.86,199588400,15567300,18181400,4880900,31359900,2191100
2020-02-03,76.39,2004.2,213.1,130.49,204.19,1482.6,77.17,2004.2,213.1,130.49,204.19,1482.6,78.37,2048.5,215.02,133.78,205.14,1486.3,75.56,2000.25,208.67,126.9,202.5,1456.61,76.07,2010.6,208.67,127.15,203.44,1461.65,173985600,5899100,14118800,7711200,15495600,3608800
2020-02-04,78.91,2049.67,222.88,131.37,209.83,1445.41,79.71,2049.67,222.88,131.37,209.83,1445.41,79.91,2059.8,224.38,134.95,210.6,1467.34,78.41,2015.37,220.49,131.11,205.2,1422.03,78.83,2029.88,221.35,134.7,206.62,1454.49,136616400,5289300,16695100,3873200,19628900,4794000
2020-02-05,79.56,2039.87,220.22,130.75,210.11,1446.05,80.36,2039.87,220.22,130.75,210.11,1446.05,81.19,2071.02,226.7,134.58,212.73,1464.58,79.74,2032.0,217.54,129.46,208.71,1429.68,80.88,2071.02,226.52,134.52,212.51,1463.61,118826800,4376200,15766100,3523200,12538200,1818800
2020-02-06,80.49,2050.23,220.9,133.16,210.85,1475.97,81.3,2050.23,220.9,133.16,210.85,1475.97,81.31,2056.3,223.65,133.74,211.19,1481.56,80.07,2024.8,219.78,130.34,209.34,1450.48,80.64,2041.02,223.13,132.25,210.47,1451.98,105425600,3183000,10790800,3208200,10567500,1891100
2020-02-07,79.39,2079.28,216.53,130.91,212.33,1479.11,80.01,2079.28,216.53,130.91,212.33,1479.11,80.85,2098.53,217.84,131.84,212.82,1485.25,79.5,2038.1,214.88,129.7,209.93,1465.41,80.59,2041.99,217.46,131.02,210.3,1467.39,117684000,5095300,13790300,2765700,12242500,1418000
2020-02-10,79.77,2133.91,215.77,131.05,213.06,1508.66,80.39,2133.91,215.77,131.05,213.06,1508.66,80.39,2135.6,215.77,131.69,213.8,1508.88,78.46,2084.96,212.2,129.2,210.66,1475.2,78.54,2085.01,213.5,129.26,211.52,1477.23,109348800,5056200,17420300,3326700,11856400,1915100
2020-02-11,79.29,2150.8,217.21,133.99,207.19,1510.06,79.9,2150.8,217.21,133.99,207.19,1510.06,80.97,2185.95,220.01,136.82,210.86,1529.88,79.68,2136.0,215.29,132.72,206.51,1505.45,80.9,2150.9,219.91,133.51,210.19,1513.27,94323200,5746000,16073500,3546100,25030800,1742600
2020-02-12,81.17,2160.0,224.31,137.49,210.76,1518.63,81.8,2160.0,224.31,137.49,210.76,1518.63,81.81,2180.25,225.52,138.5,211.22,1520.3,80.37,2155.29,220.21,134.66,207.4,1508.67,80.37,2163.2,221.13,136.73,207.85,1515.86,113730400,3334300,18671900,3636600,13813700,1552100
2020-02-13,80.59,2149.87,220.36,135.18,213.14,1513.39,81.22,2149.87,220.36,135.18,213.14,1513.39,81.56,2170.28,225.0,136.3,214.33,1525.95,80.84,2142.0,218.99,133.23,209.18,1504.0,81.05,2144.99,220.0,135.02,209.52,1510.0,94747600,3031800,28069700,3150300,15396600,1145700
2020-02-14,80.61,2134.87,219.63,134.57,214.18,1518.73,81.24,2134.87,219.63,134.57,214.18,1518.73,81.5,2159.04,221.64,135.9,214.93,1520.05,80.71,2125.89,218.23,134.05,212.65,1505.55,81.18,2155.68,221.1,135.9,214.0,1514.53,80113600,2606200,10690000,1697400,10741700,1159900
2020-02-18,79.14,2155.67,220.52,134.18,217.8,1519.44,79.75,2155.67,220.52,134.18,217.8,1519.44,79.94,2166.07,220.85,134.79,217.98,1530.56,78.65,2124.11,217.51,132.49,213.4,1511.01,78.84,2125.02,218.55,134.02,213.55,1514.34,152531200,2945600,12987000,2817000,15609200,1282100
2020-02-19,80.28,2170.22,222.14,135.81,217.49,1524.87,80.9,2170.22,222.14,135.81,217.49,1524.87,81.14,2185.1,223.56,135.88,218.32,1530.74,80.0,2161.12,220.75,132.8,216.11,1520.98,80.0,2167.8,221.52,134.24,217.99,1527.2,93984000,2561200,10798100,2118400,12135100,1137300
2020-02-20,79.46,2153.1,218.04,132.46,214.58,1516.99,80.07,2153.1,218.04,132.46,214.58,1516.99,81.16,2176.79,222.5,136.32,218.77,1527.07,79.55,2127.45,214.22,131.21,212.95,1504.26,80.66,2173.07,222.5,135.0,216.52,1519.01,100566000,3131300,14950100,3662400,13109200,1298100
2020-02-21,77.66,2095.97,212.59,129.8,210.18,1483.46,78.26,2095.97,212.59,129.8,210.18,1483.46,80.11,2144.55,217.6,131.55,214.24,1510.95,77.62,2088.0,211.56,128.08,208.83,1478.49,79.65,2142.15,217.54,131.35,213.48,1504.58,129554000,4646300,17681200,3095900,14092300,2126000
2020-02-24,73.97,2009.29,206.16,125.83,200.72,1419.86,74.54,2009.29,206.16,125.83,200.72,1419.86,76.04,2039.3,207.28,127.35,203.65,1436.38,72.31,1987.97,202.51,122.14,198.17,1406.79,74.32,2003.18,203.55,122.7,201.8,1423.05,222195200,6547000,19380200,4581500,23080100,2478000
2020-02-25,71.47,1972.74,205.61,124.43,196.77,1386.32,72.02,1972.74,205.61,124.43,196.77,1386.32,75.63,2034.6,209.95,128.44,203.5,1436.85,71.53,1958.42,204.1,123.6,195.95,1380.42,75.24,2026.42,208.51,128.36,202.25,1431.0,230673600,6219100,18132400,5139300,21433500,2579000
2020-02-26,72.6,1979.59,208.74,123.54,197.2,1390.47,73.16,1979.59,208.74,123.54,197.2,1390.47,74.47,2014.67,213.08,127.38,201.21,1413.67,71.62,1960.45,206.79,121.63,195.49,1376.55,71.63,1970.28,206.8,124.02,197.19,1394.98,198054800,5224600,19482100,5128000,16524500,2488800
2020-02-27,67.85,1884.3,205.03,119.91,189.75,1314.95,68.38,1884.3,205.03,119.91,189.75,1314.95,71.5,1975.0,209.97,124.16,195.88,1369.4,68.24,1882.76,201.86,119.35,189.5,1314.24,70.28,1934.38,205.01,122.01,191.82,1359.14,320605600,8144000,22741200,6693400,21682600,3114500
2020-02-28,67.81,1883.75,208.0,119.98,192.47,1339.25,68.34,1883.75,208.0,119.98,192.47,1339.25,69.6,1889.76,208.92,120.5,192.74,1342.45,64.09,1811.13,198.56,114.81,181.82,1268.21,64.32,1814.63,198.98,115.0,182.7,1274.31,426884800,9493800,31251100,9801600,32568900,4010900
2020-03-02,74.13,1953.95,210.98,120.77,196.44,1386.32,74.7,1953.95,210.98,120.77,196.44,1386.32,75.36,1954.51,211.11,122.97,196.57,1387.47,69.43,1870.0,203.76,117.83,188.85,1325.2,70.57,1906.49,208.59,122.8,194.03,1351.39,341397200,6761700,21542200,6238800,24949000,2771500
2020-03-03,71.77,1908.99,207.41,117.97,185.89,1337.72,72.33,1908.99,207.41,117.97,185.89,1337.72,76.0,1996.33,211.39,122.62,197.24,1408.19,71.45,1888.09,202.24,115.68,183.97,1329.24,75.92,1975.37,211.08,121.4,196.22,1397.68,319475600,7534500,20813800,5499400,27984100,2830100
2020-03-04,75.1,1975.83,211.96,121.41,191.76,1381.6,75.68,1975.83,211.96,121.41,191.76,1381.6,75.85,1978.0,212.7,121.79,191.83,1382.78,73.28,1922.0,208.85,119.13,186.39,1337.0,74.11,1946.57,209.49,119.29,189.17,1358.96,219178400,4772900,12474400,4214100,23062500,2379900
2020-03-05,72.67,1924.03,211.46,118.24,185.17,1314.76,73.23,1924.03,211.46,118.24,185.17,1314.76,74.89,1960.72,215.15,120.32,188.99,1353.63,72.85,1910.0,209.14,117.6,183.89,1301.64,73.88,1933.0,210.0,118.37,186.78,1345.55,187572800,4748200,13462900,3046900,19333400,2719000
2020-03-06,71.7,1901.09,204.64,113.74,181.09,1295.74,72.26,1901.09,204.64,113.74,181.09,1295.74,72.71,1910.87,207.0,116.91,183.78,1302.75,70.31,1869.5,201.1,112.22,176.26,1257.21,70.5,1875.0,206.7,114.99,178.33,1269.95,226176800,5273600,21700500,4853000,24559600,3232000
2020-03-09,66.03,1800.61,197.66,106.65,169.5,1215.79,66.54,1800.61,197.66,106.65,169.5,1215.79,69.52,1862.77,199.89,110.06,175.0,1252.73,65.75,1761.29,193.93,105.05,165.19,1198.04,65.94,1773.86,195.62,106.94,169.6,1204.96,286744800,7813200,25502600,7367800,29949000,3462600
2020-03-10,70.79,1891.82,206.39,111.91,178.19,1275.17,71.33,1891.82,206.39,111.91,178.19,1275.17,71.61,1894.27,207.45,111.92,178.29,1275.85,67.34,1818.17,200.8,106.86,169.5,1214.51,69.29,1870.88,205.53,110.86,174.67,1254.39,285290000,7133300,19022600,5051200,24517800,2743600
2020-03-11,68.33,1820.86,198.91,108.25,170.24,1210.9,68.86,1820.86,198.91,108.25,170.24,1210.9,70.31,1871.32,203.1,110.7,175.88,1256.93,67.96,1801.5,196.11,107.56,167.66,1191.14,69.35,1857.85,201.65,109.6,174.01,1248.27,255598800,5624800,18908200,3854200,20373900,2736600
2020-03-12,61.58,1676.61,185.1,99.0,154.47,1111.55,62.06,1676.61,185.1,99.0,154.47,1111.55,67.5,1765.0,190.49,102.48,166.6,1188.75,62.0,1675.0,183.93,97.42,154.34,1108.47,63.99,1721.98,186.5,100.05,159.54,1122.62,418474000,11346200,30247100,9414500,43266300,4716300
2020-03-13,68.96,1785.0,194.0,100.29,170.28,1214.27,69.49,1785.0,194.0,100.29,170.28,1214.27,69.98,1786.31,195.99,105.61,170.79,1214.4,63.24,1680.62,187.81,94.66,157.6,1112.29,66.22,1755.0,194.9,104.71,163.53,1174.99,370732000,8809700,23650500,6827500,35028600,3970000
2020-03-16,60.09,1689.15,178.85,89.68,146.01,1073.0,60.55,1689.15,178.85,89.68,146.01,1073.0,64.77,1759.45,188.0,96.73,159.13,1145.47,60.0,1626.03,174.5,89.68,143.1,1067.08,60.49,1641.51,176.15,90.92,152.32,1089.61,322423600,8917300,26628500,6482100,39120400,4826000
2020-03-17,62.73,1807.84,184.81,91.13,149.42,1118.06,63.22,1807.84,184.81,91.13,149.42,1118.06,64.4,1857.78,189.39,92.28,153.94,1126.0,59.6,1689.24,179.69,85.05,140.0,1049.1,61.88,1775.47,181.26,89.72,150.74,1090.64,324056000,10917100,19276500,6343000,34255600,4159700
2020-03-18,61.19,1830.0,180.0,83.62,146.96,1091.19,61.67,1830.0,180.0,83.62,146.96,1091.19,62.5,1841.66,182.41,92.89,148.18,1104.99,59.28,1745.0,170.0,82.0,137.1,1037.0,59.94,1750.0,176.0,84.6,139.75,1059.94,300233600,9645200,22054200,9479800,37553100,4652200
2020-03-19,60.72,1880.93,180.88,89.62,153.13,1111.67,61.19,1880.93,180.88,89.62,153.13,1111.67,63.21,1945.0,187.25,91.66,159.93,1152.61,60.65,1832.65,177.39,83.21,144.8,1055.55,61.85,1860.0,179.26,83.34,146.62,1088.22,271857200,10399900,20905700,6258600,39862300,3703200
2020-03-20,56.87,1846.09,181.3,88.66,149.73,1068.21,57.31,1846.09,181.3,88.66,149.73,1068.21,62.96,1957.0,188.3,93.16,159.27,1138.48,57.0,1820.73,180.0,87.72,148.0,1062.1,61.79,1926.31,187.74,91.25,156.02,1130.9,401693200,9817900,21006100,5689900,32568400,4143900
2020-03-23,55.66,1902.83,176.34,91.22,148.1,1054.13,56.09,1902.83,176.34,91.22,148.1,1054.13,57.12,1919.4,178.5,92.15,152.31,1066.91,53.15,1812.0,169.95,86.23,142.25,1008.87,57.02,1827.75,175.27,89.03,149.66,1056.37,336752800,7808500,22554700,4709300,29830800,4183600
2020-03-24,61.25,1940.1,185.75,96.43,160.98,1130.01,61.72,1940.1,185.75,96.43,160.98,1130.01,61.92,1955.0,188.8,98.92,161.31,1133.33,58.58,1900.34,181.18,95.05,152.57,1086.43,59.09,1951.5,183.09,95.18,155.21,1103.98,287531200,7147100,20801500,5640100,30440400,3623400
2020-03-25,60.91,1885.84,188.56,96.92,156.21,1101.62,61.38,1885.84,188.56,96.92,156.21,1101.62,64.56,1950.26,195.19,102.05,162.99,1146.17,61.08,1885.78,184.51,95.08,153.06,1083.01,62.69,1920.69,185.82,97.0,158.92,1124.58,303602000,6479100,19605200,6231000,35184300,4516200
2020-03-26,64.11,1955.49,195.32,101.82,163.34,1162.92,64.61,1955.49,195.32,101.82,163.34,1162.92,64.67,1956.49,196.32,102.46,164.0,1171.48,61.59,1889.29,187.6,97.32,157.02,1092.03,61.63,1902.0,188.64,98.61,158.25,1114.72,252087200,6221300,15416800,5109500,26556800,3828100
2020-03-27,61.46,1900.1,188.59,97.63,156.79,1110.26,61.94,1900.1,188.59,97.63,156.79,1110.26,63.97,1939.79,192.74,99.12,160.09,1151.05,61.76,1899.92,188.0,96.33,154.75,1104.0,63.19,1930.86,189.97,98.5,158.2,1127.47,204216800,5387900,13376400,4113000,24879900,3139700
2020-03-30,63.21,1963.95,191.27,98.95,165.95,1146.31,63.7,1963.95,191.27,98.95,165.95,1146.31,63.88,1973.63,191.48,99.5,166.75,1151.0,62.35,1912.34,187.01,96.15,158.06,1098.49,62.69,1922.83,187.48,98.52,159.18,1132.64,167976400,6126100,12254400,3828100,22515200,2936800
2020-03-31,63.08,1949.72,194.48,100.79,166.8,1161.95,63.57,1949.72,194.48,100.79,166.8,1161.95,65.62,1993.02,196.79,105.25,170.93,1173.4,63.0,1944.01,190.6,98.54,164.2,1136.72,63.9,1964.35,192.0,98.54,165.48,1148.73,197002000,5123600,19084800,4088000,23676300,3261400
2020-04-01,59.76,1907.7,187.56,97.68,159.6,1102.1,60.23,1907.7,187.56,97.68,159.6,1102.1,62.18,1944.96,192.87,101.52,164.15,1129.42,59.78,1893.0,185.04,97.33,158.04,1093.49,61.62,1932.97,189.5,98.68,161.62,1124.0,176218400,4121900,17948600,3805000,19507600,2598500
2020-04-02,60.76,1918.83,188.9,99.59,158.19,1117.03,61.23,1918.83,188.9,99.59,158.19,1117.03,61.29,1927.53,191.3,100.88,161.35,1122.77,59.22,1890.0,185.69,97.0,155.92,1093.13,60.08,1901.64,186.08,97.77,159.1,1100.0,165934000,4336000,13412100,2442000,20886300,2820500
2020-04-03,59.89,1906.59,187.11,97.2,154.18,1092.7,60.35,1906.59,187.11,97.2,154.18,1092.7,61.42,1926.33,190.55,100.23,157.91,1118.79,59.74,1889.15,185.41,96.1,150.83,1075.08,60.7,1911.15,190.12,98.92,157.15,1114.71,129880000,3609900,9483100,2239700,25983300,2568700
2020-04-06,65.11,1997.59,196.45,102.94,165.55,1183.19,65.62,1997.59,196.45,102.94,165.55,1183.19,65.78,1998.52,196.88,103.2,166.2,1190.75,62.35,1930.02,192.7,100.27,158.51,1125.0,62.72,1936.0,194.74,100.88,160.15,1133.0,201820400,5773200,13248700,3590800,28453600,3166000
2020-04-07,64.36,2011.6,198.0,101.79,168.83,1182.56,64.86,2011.6,198.0,101.79,168.83,1182.56,67.93,2035.72,201.45,107.39,173.39,1220.78,64.75,1997.62,197.05,101.05,166.01,1177.25,67.7,2017.11,200.05,105.0,171.79,1217.01,202887200,5114000,14934500,6968600,31411900,3081000
2020-04-08,66.01,2043.0,195.98,97.33,174.28,1207.0,66.52,2043.0,195.98,97.33,174.28,1207.0,66.84,2044.0,198.86,98.59,175.0,1214.9,65.31,2011.15,193.88,94.9,167.74,1183.95,65.68,2021.0,198.34,98.0,171.25,1203.1,168895200,3977300,13608000,10164500,21664200,2016700
2020-04-09,66.48,2042.76,196.37,99.0,175.19,1206.57,67.0,2042.76,196.37,99.0,175.19,1206.57,67.52,2053.0,200.35,100.37,177.08,1221.99,66.18,2017.66,193.4,96.4,171.57,1192.42,67.18,2044.3,198.65,97.57,175.9,1218.18,162116400,4655600,17821300,5422300,23534300,2701400
2020-04-13,67.79,2168.87,199.44,98.37,174.79,1210.41,68.31,2168.87,199.44,98.37,174.79,1210.41,68.43,2180.0,200.32,99.93,175.0,1214.52,66.46,2038.0,195.53,97.98,169.45,1182.33,67.08,2040.0,197.4,98.71,173.67,1201.5,131022800,6716700,16117900,3171800,19355400,1935100
2020-04-14,71.21,2283.32,204.78,100.92,178.17,1265.23,71.76,2283.32,204.78,100.92,178.17,1265.23,72.06,2292.0,207.97,103.11,181.23,1275.75,69.51,2186.21,204.25,99.56,176.62,1228.54,70.0,2200.47,204.95,99.58,178.98,1239.97,194994800,8087200,16757100,3564500,21011800,3167900
2020-04-15,70.56,2307.68,208.17,100.87,176.97,1257.3,71.11,2307.68,208.17,100.87,176.97,1257.3,71.58,2333.37,209.15,100.92,178.19,1275.11,70.16,2245.0,201.31,97.37,172.82,1234.0,70.6,2257.68,204.77,98.64,175.19,1246.51,131154400,6866600,10768100,2771600,17423000,2111800
2020-04-16,71.12,2408.19,212.66,102.82,176.25,1257.43,71.67,2408.19,212.66,102.82,176.25,1257.43,72.05,2461.0,213.25,103.03,178.05,1273.36,70.59,2335.0,209.12,99.67,172.51,1238.2,71.85,2346.0,210.53,101.6,177.95,1267.14,157125200,12038200,16353800,4406400,23593200,2894800
2020-04-17,70.16,2375.0,209.5,105.0,179.24,1279.0,70.7,2375.0,209.5,105.0,179.24,1279.0,71.74,2400.0,214.98,105.19,180.28,1290.0,69.21,2316.02,208.85,103.15,176.66,1266.0,71.17,2372.33,214.98,104.21,179.2,1281.7,215250000,7930000,13558500,3827200,20974800,2552500
2020-04-20,68.7,2393.61,212.13,104.68,178.24,1261.15,69.23,2393.61,212.13,104.68,178.24,1261.15,70.42,2444.98,216.1,107.67,180.5,1276.82,69.21,2386.05,209.36,103.42,176.77,1256.44,69.49,2389.95,209.87,103.6,177.41,1269.89,130015200,5770700,19295400,3484300,16110700,1764600
2020-04-21,66.58,2328.12,207.34,101.41,170.8,1212.16,67.09,2328.12,207.34,101.41,170.8,1212.16,69.31,2428.31,212.13,102.42,175.38,1250.0,66.36,2279.66,205.03,98.83,168.34,1205.0,69.07,2416.61,209.9,102.1,175.25,1242.71,180991600,7476700,14107600,3843900,24850500,2482400
2020-04-22,68.49,2363.49,209.96,101.75,182.28,1258.41,69.03,2363.49,209.96,101.75,182.28,1258.41,69.47,2394.0,212.0,104.36,184.78,1279.88,68.05,2351.0,209.21,101.2,178.14,1237.2,68.4,2369.0,212.0,101.99,178.45,1241.11,117057200,4218300,13471100,3428300,33242000,2315800
2020-04-23,68.23,2399.45,205.24,99.85,185.13,1271.17,68.76,2399.45,205.24,99.85,185.13,1271.17,70.44,2424.22,210.56,102.38,187.05,1288.15,68.72,2382.08,203.46,99.21,183.15,1260.53,68.97,2399.98,210.24,101.2,184.08,1265.74,124814400,5066600,20424000,3407400,21426600,1710100
2020-04-24,70.2,2410.22,204.36,100.95,190.07,1276.6,70.74,2410.22,204.36,100.95,190.07,1276.6,70.75,2420.43,206.5,101.92,190.41,1277.71,69.25,2382.0,202.82,99.89,180.83,1244.0,69.3,2417.0,205.89,101.1,183.23,1255.0,126508800,3831800,14673900,2585400,28792000,1872000
2020-04-27,70.25,2376.0,203.69,100.56,187.5,1270.86,70.79,2376.0,203.69,100.56,187.5,1270.86,71.14,2444.88,207.78,101.55,193.75,1294.1,69.99,2363.0,202.03,99.72,187.41,1265.06,70.45,2443.2,207.55,101.2,192.66,1292.0,117087600,5645600,17286800,3148700,29197800,2209300
2020-04-28,69.11,2314.08,201.15,97.13,182.91,1232.59,69.64,2314.08,201.15,97.13,182.91,1232.59,71.46,2373.5,205.19,101.0,189.2,1284.76,69.55,2306.0,199.41,96.81,182.56,1230.38,71.27,2372.1,204.81,101.0,188.66,1283.2,112004800,5269400,17203800,4534500,21731000,4035000
2020-04-29,71.38,2372.71,206.7,99.67,194.19,1342.18,71.93,2372.71,206.7,99.67,194.19,1342.18,72.42,2391.89,207.08,99.88,196.91,1360.15,70.97,2310.0,202.51,97.01,190.0,1326.73,71.18,2330.01,202.93,98.47,190.93,1345.0,137280800,4591600,19117800,5486400,45954500,5417900
2020-04-30,72.89,2474.0,202.67,100.93,204.71,1346.7,73.45,2474.0,202.67,100.93,204.71,1346.7,73.63,2475.0,206.7,102.98,209.69,1350.0,72.09,2396.01,199.29,98.66,201.57,1321.5,72.49,2419.84,206.25,99.74,206.92,1331.36,183064000,9534600,20107400,5795900,46230100,2792100
2020-05-01,71.71,2286.04,194.48,96.02,202.27,1317.32,72.27,2286.04,194.48,96.02,202.27,1317.32,74.75,2362.44,197.38,98.2,207.28,1351.43,71.46,2258.19,192.86,94.31,199.05,1309.66,71.56,2336.8,195.75,98.2,201.6,1324.09,240616800,9772600,22276200,4622500,30415600,2443600
2020-05-04,72.73,2315.99,191.15,94.76,205.26,1322.9,73.29,2315.99,191.15,94.76,205.26,1322.9,73.42,2326.98,195.0,96.02,205.91,1324.47,71.58,2256.38,189.53,93.54,198.76,1296.01,72.29,2256.38,194.76,95.43,200.2,1308.13,133568000,4865900,25709400,3387800,19250700,1540300
2020-05-05,73.82,2317.8,195.02,95.77,207.07,1349.02,74.39,2317.8,195.02,95.77,207.07,1349.02,75.25,2351.0,198.27,97.6,210.38,1371.01,73.61,2307.13,194.2,95.47,206.5,1335.03,73.76,2340.0,196.38,96.41,207.02,1337.5,147751200,3242500,22957200,2826100,21071200,1983300
2020-05-06,74.58,2351.26,195.17,97.08,208.47,1345.43,75.16,2351.26,195.17,97.08,208.47,1345.43,75.81,2357.45,198.91,98.04,211.6,1368.69,74.72,2320.0,194.93,95.29,206.66,1345.13,75.11,2329.44,197.67,96.61,208.12,1358.0,142333600,3117800,18598900,2900300,21857000,1586600
2020-05-07,75.35,2367.61,196.49,98.18,211.26,1369.28,75.93,2367.61,196.49,98.18,211.26,1369.28,76.29,2376.0,198.09,98.45,211.6,1376.0,75.49,2343.11,194.78,97.45,209.04,1352.54,75.81,2374.78,198.0,98.1,211.16,1361.31,115215200,3396400,16164600,2331800,15152000,1532600
2020-05-08,77.14,2379.61,201.19,99.77,212.35,1384.34,77.53,2379.61,201.19,99.77,212.35,1384.34,77.59,2387.24,203.02,100.67,213.21,1396.64,76.07,2357.0,198.68,98.15,210.85,1372.01,76.41,2372.14,199.8,99.79,212.24,1381.82,134048000,3211200,23819700,3222800,12506000,1666300
2020-05-11,78.36,2409.0,205.4,99.55,213.18,1403.59,78.75,2409.0,205.4,99.55,213.18,1403.59,79.26,2419.67,206.64,100.17,215.0,1415.53,76.81,2372.11,202.38,98.72,210.37,1375.5,77.03,2374.7,202.78,99.76,210.89,1376.79,145946400,3259200,17920700,2763600,12911900,1635900
2020-05-12,77.46,2356.95,200.31,97.47,210.1,1375.18,77.85,2356.95,200.31,97.47,210.1,1375.18,79.92,2419.0,208.05,100.0,215.28,1414.33,77.73,2355.0,200.02,97.46,210.0,1374.51,79.46,2411.85,206.95,100.0,213.29,1408.22,162301200,3074900,17826800,3438800,14704600,1695900
2020-05-13,76.53,2367.92,199.46,95.49,205.1,1348.33,76.91,2367.92,199.46,95.49,205.1,1348.33,78.99,2407.7,204.68,98.98,210.78,1385.33,75.8,2337.8,197.98,94.15,202.11,1328.01,78.04,2366.8,203.62,98.21,209.43,1376.16,200622400,4782900,22429700,4356900,20684600,2018400
2020-05-14,77.0,2388.85,201.3,96.02,206.81,1356.86,77.39,2388.85,201.3,96.02,206.81,1356.86,77.45,2391.37,201.77,96.17,206.93,1357.37,75.38,2353.21,194.03,90.94,200.69,1323.3,76.13,2361.01,195.5,93.19,202.56,1333.52,158929200,3648100,20025900,3704900,17178900,1833000
2020-05-15,76.54,2409.78,203.68,99.86,210.88,1373.06,76.93,2409.78,203.68,99.86,210.88,1373.06,76.97,2411.0,204.49,100.06,211.34,1374.58,75.05,2356.37,200.1,94.9,204.12,1339.0,75.09,2368.52,200.7,95.18,205.27,1348.26,166348400,4235000,17209500,3355000,19383200,2077200
2020-05-18,78.35,2426.26,215.28,107.59,213.19,1385.18,78.74,2426.26,215.28,107.59,213.19,1385.18,79.12,2433.0,215.47,108.17,214.64,1392.76,77.58,2384.01,210.37,101.51,210.94,1354.2,78.29,2404.35,212.5,101.83,212.15,1361.58,135372400,4366600,23556600,10198400,20151900,2356400
2020-05-19,77.89,2449.33,217.2,109.75,216.88,1374.4,78.29,2449.33,217.2,109.75,216.88,1374.4,79.63,2485.0,220.59,120.85,220.49,1392.49,78.25,2428.97,215.19,109.16,212.83,1373.76,78.76,2429.83,216.73,117.8,213.27,1385.48,101729600,4320500,21438100,19633500,31843200,1579300
2020-05-20,79.41,2497.94,216.79,108.52,229.97,1409.16,79.81,2497.94,216.79,108.52,229.97,1409.16,79.88,2500.01,221.16,114.2,231.34,1412.03,79.13,2467.27,210.58,105.7,223.19,1387.42,79.17,2477.87,220.0,110.7,223.5,1389.16,111504800,3998100,38324100,15446200,50162900,1913100
2020-05-21,78.82,2446.74,212.16,110.03,231.39,1406.75,79.21,2446.74,212.16,110.03,231.39,1406.75,80.22,2525.45,214.58,111.53,237.2,1416.46,78.97,2442.54,209.53,106.72,231.2,1394.39,79.67,2500.0,211.29,107.12,234.72,1410.99,102688800,5114400,29850700,9977100,47782600,1544700
2020-05-22,79.32,2436.88,199.7,103.32,234.91,1413.24,79.72,2436.88,199.7,103.32,234.91,1413.24,79.81,2469.85,204.88,107.81,235.99,1417.0,78.84,2430.13,198.99,102.74,228.74,1395.95,78.94,2455.01,203.23,106.26,231.51,1403.9,81803200,2867100,51979300,8231900,33925600,1427200
2020-05-26,78.79,2421.86,201.72,108.36,232.2,1421.37,79.18,2421.86,201.72,108.36,232.2,1421.37,81.06,2462.0,206.8,109.23,240.9,1445.11,79.12,2414.06,201.0,105.33,231.67,1419.4,80.88,2458.0,205.94,106.0,239.77,1441.96,125522000,3568200,28683200,6268800,33178300,2229500
2020-05-27,79.13,2410.39,201.18,108.22,229.14,1420.28,79.53,2410.39,201.18,108.22,229.14,1420.28,79.68,2413.58,202.99,108.88,230.56,1425.35,78.27,2330.0,196.75,106.01,221.13,1394.6,79.04,2404.99,202.99,107.8,229.07,1420.0,112945200,5056900,23605400,4086500,34697600,1584200
2020-05-28,79.16,2401.1,199.49,106.32,225.46,1418.24,79.56,2401.1,199.49,106.32,225.46,1418.24,80.86,2436.97,202.37,107.67,231.63,1444.46,78.91,2378.23,197.62,104.85,224.0,1399.08,79.19,2384.33,199.0,106.46,224.3,1400.0,133560800,3190200,18763200,3649000,29377200,1758500
2020-05-29,79.09,2442.37,207.39,106.55,225.09,1433.52,79.49,2442.37,207.39,106.55,225.09,1433.52,80.29,2442.37,207.88,106.69,227.49,1436.73,79.12,2398.2,196.7,102.6,222.88,1415.98,79.81,2415.94,200.0,105.82,225.2,1420.43,153598000,3529300,43179500,6857300,23241500,1852200
2020-06-01,80.06,2471.04,206.57,107.1,231.91,1434.87,80.46,2471.04,206.57,107.1,231.91,1434.87,80.59,2476.93,207.2,108.48,232.44,1441.58,79.3,2444.17,203.94,105.31,223.5,1422.28,79.44,2448.0,205.9,106.02,224.59,1425.7,80791200,2928900,16169700,3922900,18223800,1258100
2020-06-02,80.43,2472.41,214.33,107.23,232.72,1442.31,80.83,2472.41,214.33,107.23,232.72,1442.31,80.86,2473.53,214.57,108.72,233.0,1443.0,79.73,2445.31,207.17,106.92,226.56,1421.61,80.19,2467.0,207.21,107.77,230.94,1435.0,87642800,2529900,22485800,4434500,20919000,1172100
2020-06-03,80.87,2478.4,218.61,112.45,230.16,1439.25,81.28,2478.4,218.61,112.45,230.16,1439.25,81.55,2488.0,218.97,112.72,232.65,1449.01,80.57,2461.17,213.75,108.2,228.53,1431.62,81.17,2468.01,215.6,108.62,232.11,1442.7,104491200,2671000,19999500,3997700,15380300,1386600
2020-06-04,80.18,2460.6,218.04,109.06,226.29,1414.3,80.58,2460.6,218.04,109.06,226.29,1414.3,81.4,2507.54,220.0,113.63,231.63,1441.32,80.19,2450.01,216.32,108.52,224.61,1406.01,81.1,2477.43,217.28,112.1,229.56,1436.78,87560400,2948700,14962400,3945700,17041500,1349100
2020-06-05,82.46,2483.0,219.55,114.4,230.77,1440.02,82.88,2483.0,219.55,114.4,230.77,1440.02,82.94,2488.65,220.59,115.2,231.35,1446.3,80.81,2437.13,218.7,111.49,225.31,1407.62,80.84,2444.51,220.0,111.86,226.71,1415.64,137250400,3306400,11983200,4270200,16750400,2132100
2020-06-08,82.95,2524.06,219.0,117.03,231.4,1448.04,83.36,2524.06,219.0,117.03,231.4,1448.04,83.4,2530.0,220.4,118.38,231.55,1449.0,81.83,2487.34,215.33,115.63,227.41,1424.48,82.56,2500.2,219.6,116.0,229.03,1426.28,95654400,3970700,12731200,4545200,15466500,1693900
2020-06-09,85.57,2600.86,220.72,115.83,238.67,1452.08,86.0,2600.86,220.72,115.83,238.67,1452.08,86.4,2626.43,220.72,116.76,239.77,1467.8,83.0,2525.0,216.2,114.35,230.41,1442.36,83.04,2529.44,216.31,115.39,231.52,1445.24,147712400,5176000,14140100,2684200,27462900,1681200
2020-06-10,87.77,2647.45,223.68,116.81,236.73,1464.7,88.21,2647.45,223.68,116.81,236.73,1464.7,88.69,2722.35,225.0,118.63,241.21,1472.77,86.52,2626.26,220.6,115.92,235.28,1454.36,86.97,2645.0,222.0,118.0,240.96,1461.51,166651600,4946000,13372400,3179200,20720700,1588100
2020-06-11,83.55,2557.96,215.24,111.83,224.43,1401.9,83.97,2557.96,215.24,111.83,224.43,1401.9,87.76,2671.38,219.95,114.08,232.89,1451.6,83.87,2536.23,213.56,111.0,223.55,1398.41,87.33,2603.5,218.0,112.63,229.94,1441.03,201662400,5800100,15560300,4004800,26708200,2357200
2020-06-12,84.28,2545.02,217.64,116.27,228.58,1412.92,84.7,2545.02,217.64,116.27,228.58,1412.92,86.95,2621.48,219.5,116.85,231.66,1434.51,83.56,2503.35,213.88,114.15,224.5,1385.8,86.18,2601.21,218.5,114.5,229.9,1425.86,200146000,5436100,12716500,4428600,22091400,1833800
2020-06-15,85.32,2572.68,217.03,116.82,232.5,1420.74,85.75,2572.68,217.03,116.82,232.5,1420.74,86.42,2584.0,217.72,117.17,233.77,1425.0,83.14,2508.0,212.75,113.06,224.8,1387.2,83.31,2526.6,214.11,113.39,225.09,1389.49,138808800,3865100,17419900,3149100,15340300,1523400
2020-06-16,87.58,2615.27,222.62,122.78,235.65,1446.47,88.02,2615.27,222.62,122.78,235.65,1446.47,88.3,2620.0,224.84,128.28,238.46,1457.17,86.18,2576.0,220.1,122.2,233.0,1428.99,87.86,2620.0,221.0,127.25,237.14,1449.0,165428800,3585600,17212400,9965200,15236700,1532400
2020-06-17,87.46,2640.98,224.25,122.03,235.53,1452.54,87.9,2640.98,224.25,122.03,235.53,1452.54,88.85,2655.0,225.0,123.71,237.59,1462.2,87.77,2631.82,222.5,121.11,231.73,1435.13,88.79,2647.5,224.4,123.0,235.0,1452.94,114406400,2959300,12486700,3758400,19578100,1530500
2020-06-18,87.49,2653.98,223.54,123.46,235.94,1434.12,87.93,2653.98,223.54,123.46,235.94,1434.12,88.36,2659.64,226.03,123.96,236.14,1452.97,87.31,2636.11,222.92,120.79,232.15,1426.24,87.85,2647.01,223.74,122.03,234.99,1449.85,96820400,2487800,10358800,2409600,15782500,1743100
2020-06-19,86.99,2675.01,220.64,123.08,238.79,1424.64,87.43,2675.01,220.64,123.08,238.79,1424.64,89.14,2697.43,226.5,125.64,240.83,1444.5,86.29,2659.0,220.09,122.31,235.55,1419.0,88.66,2678.08,226.38,124.94,237.79,1440.0,264476000,5777000,19545200,3805300,30081300,2639200
2020-06-22,89.27,2713.82,221.41,123.08,239.22,1450.66,89.72,2713.82,221.41,123.08,239.22,1450.66,89.86,2715.0,222.08,123.24,240.7,1450.95,87.79,2669.0,219.45,120.12,236.91,1419.19,87.83,2684.5,220.92,122.37,238.56,1425.01,135445200,3208800,13303600,2816400,18917800,1472100
2020-06-23,91.17,2764.41,228.75,123.33,242.24,1463.98,91.63,2764.41,228.75,123.33,242.24,1463.98,93.1,2783.11,230.23,124.0,245.19,1475.2,90.57,2718.04,224.53,122.5,239.86,1445.0,91.0,2726.02,225.12,123.81,241.28,1452.0,212155600,4231700,18263400,2504300,24017900,1887600
2020-06-24,89.56,2734.4,226.22,121.37,234.02,1432.7,90.01,2734.4,226.22,121.37,234.02,1432.7,92.2,2796.0,231.03,122.93,243.22,1475.79,89.63,2721.0,224.25,119.4,232.68,1430.0,91.25,2780.0,228.3,122.05,241.2,1463.28,192623200,4526600,12159500,3335800,20834900,1579600
2020-06-25,90.75,2754.58,222.16,123.73,235.68,1441.1,91.21,2754.58,222.16,123.73,235.68,1441.1,91.25,2756.23,224.69,123.76,237.3,1442.32,89.39,2712.14,220.87,120.39,232.74,1419.54,90.18,2739.55,224.59,120.39,234.62,1431.22,137522400,2968700,14953100,2194300,18704300,1197900
2020-06-26,87.96,2692.87,215.71,121.8,216.08,1362.54,88.41,2692.87,215.71,121.8,216.08,1362.54,91.33,2782.57,222.26,124.97,233.09,1437.02,88.25,2688.0,213.5,120.93,215.4,1355.0,91.1,2775.06,222.21,123.25,232.64,1432.63,205256800,6500800,19340600,2598200,76343900,4882000
2020-06-29,89.99,2680.38,215.02,121.29,220.64,1397.17,90.44,2680.38,215.02,121.29,220.64,1397.17,90.54,2696.8,216.5,122.35,220.75,1398.0,87.82,2630.08,211.82,118.52,207.11,1351.65,88.31,2690.01,215.03,121.01,209.75,1360.34,130646000,4223400,12333000,2045700,58514300,2253700
2020-06-30,90.74,2758.82,215.7,119.89,227.07,1418.05,91.2,2758.82,215.7,119.89,227.07,1418.05,91.5,2769.63,216.43,121.98,227.5,1424.0,90.0,2675.03,212.89,119.12,218.47,1386.93,90.02,2685.07,215.74,120.35,220.59,1396.88,140223200,3769700,12933800,2263100,33927100,2014300
2020-07-01,90.57,2878.7,215.95,120.63,237.55,1442.0,91.03,2878.7,215.95,120.63,237.55,1442.0,91.84,2895.0,216.55,121.14,239.0,1448.48,90.98,2754.0,214.74,119.15,227.56,1414.18,91.28,2757.99,215.81,119.89,228.5,1419.17,110737200,6363400,11788100,2116400,43399700,2109100
2020-07-02,90.57,2890.3,223.6,123.3,233.42,1469.93,91.03,2890.3,223.6,123.3,233.42,1469.93,92.62,2955.56,225.02,124.82,240.0,1488.52,90.91,2871.1,220.06,122.37,232.61,1451.07,91.96,2912.01,221.85,123.22,239.0,1451.84,114041600,6593400,18128700,3011900,30633600,2860900
2020-07-06,92.99,3057.04,240.0,132.93,240.28,1499.65,93.46,3057.04,240.0,132.93,240.28,1499.65,93.94,3059.88,240.48,133.14,240.4,1510.0,92.47,2930.0,232.82,128.05,232.27,1476.98,92.5,2934.97,233.31,129.01,233.76,1488.15,118655600,6880600,33702900,5763600,26206200,2235600
2020-07-07,92.71,3000.12,236.51,127.83,240.86,1489.92,93.17,3000.12,236.51,127.83,240.86,1489.92,94.65,3069.55,241.3,132.0,247.65,1521.32,93.06,2990.0,236.13,127.82,238.82,1489.7,93.85,3058.55,241.01,130.0,239.41,1496.13,112424400,5257500,16491600,2804600,27887800,2118200
2020-07-08,94.87,3081.11,257.68,130.64,243.58,1503.6,95.34,3081.11,257.68,130.64,243.58,1503.6,95.38,3083.97,258.49,131.01,246.99,1511.17,94.09,3012.43,244.02,128.06,236.59,1492.3,94.18,3022.61,244.86,131.01,238.11,1500.8,117092000,5037600,39922700,2931300,29791300,1588300
2020-07-09,95.27,3182.63,261.58,132.53,244.5,1518.66,95.75,3182.63,261.58,132.53,244.5,1518.66,96.32,3193.88,268.0,135.44,246.53,1529.14,94.67,3074.0,255.91,130.23,239.24,1495.59,96.26,3115.99,265.55,134.01,245.0,1509.93,125642800,6388700,36803900,4189300,22174900,2091800
2020-07-10,95.44,3200.0,261.01,132.33,245.07,1539.01,95.92,3200.0,261.01,132.33,245.07,1539.01,95.98,3215.0,261.9,132.53,245.49,1541.34,94.71,3135.7,255.71,130.27,239.32,1500.72,95.33,3191.76,260.21,130.75,243.69,1513.25,90257200,5486000,20335000,2065900,22982700,1795900
2020-07-13,95.0,3104.0,251.67,127.84,239.0,1512.23,95.48,3104.0,251.67,127.84,239.0,1512.23,99.96,3344.29,265.66,133.86,250.15,1576.36,95.26,3068.39,250.68,127.68,238.42,1506.56,97.26,3251.06,261.45,133.7,247.01,1549.94,191649200,7720400,21568700,4685400,24674900,2147700
2020-07-14,96.57,3084.0,248.58,125.49,239.73,1520.86,97.06,3084.0,248.58,125.49,239.73,1520.86,97.25,3127.38,249.75,126.15,240.33,1522.8,93.88,2950.0,241.23,122.5,232.03,1485.93,94.84,3089.0,246.57,125.0,236.76,1492.79,170989200,7231900,19782600,3901900,23378100,1905400
2020-07-15,97.24,3008.87,249.21,125.05,240.28,1516.88,97.72,3008.87,249.21,125.05,240.28,1516.88,99.25,3098.35,252.5,127.0,244.82,1536.33,96.49,2973.18,246.54,124.05,238.05,1497.83,98.99,3080.23,251.48,126.96,241.55,1523.23,153198000,5788900,12614700,2137300,19133600,1551300
2020-07-16,96.04,2999.9,242.5,123.43,240.93,1514.92,96.52,2999.9,242.5,123.43,240.93,1514.92,97.4,3032.0,245.05,123.6,241.76,1515.91,95.9,2918.23,240.74,120.94,236.33,1488.27,96.56,2971.06,241.77,121.33,238.0,1501.5,110577600,6394200,18032100,2432500,18880700,1324200
2020-07-17,95.85,2961.97,247.14,122.77,242.03,1516.85,96.33,2961.97,247.14,122.77,242.03,1516.85,97.15,3024.0,247.93,125.0,244.16,1523.43,95.84,2948.45,244.48,121.88,237.86,1498.1,96.99,3009.0,246.55,125.0,241.0,1516.91,92186800,4761300,18742400,1883200,18152400,1713200
2020-07-20,97.87,3196.84,254.81,124.35,245.42,1563.84,98.36,3196.84,254.81,124.35,245.42,1563.84,98.5,3201.36,257.67,124.87,246.05,1569.01,96.06,2994.02,252.43,122.66,235.64,1502.7,96.42,3000.2,256.45,122.77,240.06,1515.0,90318000,7598200,19015000,2775200,20872200,1508300
2020-07-21,96.51,3138.29,257.9,125.22,241.75,1555.92,97.0,3138.29,257.9,125.22,241.75,1555.92,99.25,3240.58,261.92,126.27,246.91,1587.05,96.74,3105.72,256.52,123.73,240.08,1552.62,99.17,3232.49,261.21,125.99,246.22,1585.03,103646000,6135000,17120700,3825300,19364200,1377700
2020-07-22,96.79,3099.91,251.7,122.75,239.87,1564.85,97.27,3099.91,251.7,122.75,239.87,1564.85,97.97,3150.0,256.27,123.79,241.9,1566.98,96.6,3065.26,249.6,120.97,238.12,1543.23,96.69,3125.0,255.76,123.58,240.26,1555.71,89001600,4104200,19682200,2923100,15427900,1224100
2020-07-23,92.38,2986.55,251.88,121.1,232.6,1516.75,92.85,2986.55,251.88,121.1,232.6,1516.75,97.08,3098.27,257.66,122.67,242.42,1570.35,92.01,2970.0,248.69,119.42,231.75,1508.59,97.0,3098.27,252.1,122.21,239.63,1565.93,197004400,5656900,25712000,2740900,21771800,1695500
2020-07-24,92.15,3008.91,249.0,119.02,230.71,1508.21,92.61,3008.91,249.0,119.02,230.71,1508.21,92.97,3031.58,249.48,119.06,233.49,1515.43,89.14,2888.0,241.89,116.39,226.9,1487.59,90.99,2930.0,244.96,117.5,230.19,1499.19,185438800,5632400,17221500,2687800,18325800,1495100
2020-07-27,94.34,3055.21,250.86,115.86,233.5,1529.43,94.81,3055.21,250.86,115.86,233.5,1529.43,94.9,3098.0,252.87,118.0,234.95,1537.56,93.48,3015.77,245.81,114.86,230.83,1512.33,93.71,3062.0,247.11,117.74,231.46,1513.26,121214000,4170500,18966900,2915700,13163100,1356200
2020-07-28,92.79,3000.33,249.05,115.69,230.12,1503.65,93.25,3000.33,249.05,115.69,230.12,1503.65,94.55,3077.09,251.65,116.49,234.96,1526.01,93.25,2995.76,248.53,114.75,229.83,1500.52,94.37,3054.27,251.15,115.75,234.63,1525.0,103625600,3126700,9878700,3345400,14170100,1545500
2020-07-29,94.56,3033.53,252.45,119.82,233.29,1523.51,95.04,3033.53,252.45,119.82,233.29,1523.51,95.23,3039.16,254.3,120.45,233.7,1533.33,93.71,2996.77,250.1,116.44,230.31,1503.01,93.75,3030.99,250.34,116.46,231.14,1505.0,90329200,2974100,11493600,3759100,13588300,1133800
2020-07-30,95.71,3051.88,252.74,118.0,234.5,1538.37,96.19,3051.88,252.74,118.0,234.5,1538.37,96.3,3092.0,253.86,119.17,234.89,1540.89,93.77,3005.0,249.62,117.3,229.0,1495.17,94.19,3014.0,251.7,118.17,230.22,1497.97,158130000,6128300,7032900,3137000,20615300,1802100
2020-07-31,105.73,3164.68,251.02,119.4,253.67,1487.95,106.26,3164.68,251.02,119.4,253.67,1487.95,106.42,3246.82,254.4,120.19,255.85,1505.02,100.82,3151.0,248.1,116.7,249.0,1454.0,102.89,3244.0,254.2,118.86,255.82,1497.05,374336800,8085500,12304100,2753800,53005100,4576400
2020-08-03,108.39,3111.89,257.94,120.55,251.96,1482.76,108.94,3111.89,257.94,120.55,251.96,1482.76,111.64,3184.0,260.65,121.29,255.4,1497.73,107.89,3104.0,254.0,119.05,250.33,1471.72,108.2,3180.51,254.02,120.29,252.65,1491.0,308151200,5074700,11530300,1946100,23124900,2274100
2020-08-04,109.12,3138.83,262.2,126.67,249.83,1473.3,109.67,3138.83,262.2,126.67,249.83,1473.3,110.79,3167.24,262.56,127.06,252.8,1493.11,108.39,3101.21,258.82,120.14,247.43,1464.03,109.13,3101.21,260.08,120.14,251.56,1486.71,173071600,4694300,10994500,3846900,17183500,1860600
2020-08-05,109.51,3205.03,264.91,125.85,249.12,1479.09,110.06,3205.03,264.91,125.85,249.12,1479.09,110.39,3213.59,265.98,127.38,252.27,1490.0,108.9,3127.3,261.76,124.92,247.77,1471.22,109.38,3143.77,263.74,127.0,250.19,1476.82,121992000,3930000,10673800,1763900,13050100,1457500
2020-08-06,113.33,3225.0,265.68,125.58,265.28,1504.95,113.9,3225.0,265.68,125.58,265.28,1504.95,114.41,3247.47,265.7,126.02,266.6,1506.27,109.8,3165.43,259.2,123.27,248.67,1471.9,110.4,3194.36,263.42,125.34,249.04,1476.15,202428800,3940600,10359500,1718300,45241600,1665300
2020-08-07,110.76,3167.46,252.1,125.0,268.44,1498.37,111.11,3167.46,252.1,125.0,268.44,1498.37,113.68,3240.81,257.76,125.09,278.89,1520.09,110.29,3140.67,247.57,121.08,263.43,1486.27,113.21,3224.01,257.41,122.5,264.08,1509.04,198045600,3936100,22529600,3163300,72766400,1385900
2020-08-10,112.37,3148.16,248.13,125.06,263.0,1496.82,112.73,3148.16,248.13,125.06,263.0,1496.82,113.78,3172.51,251.75,127.66,273.86,1507.15,110.0,3101.52,246.1,123.97,259.69,1477.49,112.6,3170.31,249.34,124.55,268.04,1490.8,212403600,3167300,13621700,3606500,30248800,1027300
2020-08-11,109.02,3080.67,248.42,124.6,256.13,1480.54,109.38,3080.67,248.42,124.6,256.13,1480.54,112.48,3159.22,252.88,127.79,265.92,1510.44,109.11,3073.0,247.83,124.37,255.13,1478.19,111.97,3113.2,251.29,125.23,260.19,1494.0,187902400,3718100,10681800,2196100,28238300,1554900
2020-08-12,112.65,3162.24,255.19,126.11,259.89,1507.24,113.01,3162.24,255.19,126.11,259.89,1507.24,113.28,3174.39,256.08,128.25,263.9,1511.67,110.3,3101.42,248.68,125.83,258.11,1485.0,110.5,3108.0,249.25,126.23,258.97,1487.12,165944800,3527200,11112300,2392600,21415700,1126600
2020-08-13,114.64,3161.02,253.72,124.57,261.3,1516.65,115.01,3161.02,253.72,124.57,261.3,1516.65,116.04,3217.52,256.97,126.83,265.16,1536.97,113.93,3155.0,252.88,124.04,259.57,1508.21,114.43,3182.99,256.39,126.67,261.55,1508.21,210082000,3149000,8794500,5130300,17374000,1119400
2020-08-14,114.54,3148.02,253.97,116.74,261.24,1504.63,114.91,3148.02,253.97,116.74,261.24,1504.63,115.0,3178.24,255.77,118.57,262.65,1519.79,113.04,3120.0,251.64,115.59,258.68,1499.0,114.83,3178.18,255.49,118.4,262.31,1513.61,165565200,2751700,7876400,11662400,14792700,1097100
2020-08-17,114.24,3182.41,256.96,123.92,261.16,1516.24,114.61,3182.41,256.96,123.92,261.16,1516.24,116.09,3194.97,257.38,124.68,264.1,1523.78,113.96,3154.18,250.09,117.67,259.4,1505.0,116.06,3173.12,253.0,117.99,262.5,1515.97,119561600,2691200,9760000,6475200,13351100,999500
2020-08-18,115.19,3312.49,259.2,124.2,262.34,1555.78,115.56,3312.49,259.2,124.2,262.34,1555.78,116.0,3320.0,261.42,126.59,265.15,1557.37,114.01,3205.82,256.06,123.7,259.26,1521.67,114.35,3212.0,258.71,123.83,260.95,1526.12,105633600,5346000,13267800,3672700,18690400,1418900
2020-08-19,115.34,3260.48,260.59,122.71,262.59,1544.61,115.71,3260.48,260.59,122.71,262.59,1544.61,117.16,3315.9,261.29,124.13,267.91,1568.86,115.61,3256.0,257.38,121.14,261.35,1540.0,115.98,3303.01,260.89,124.13,261.39,1552.49,145538000,4185100,14096500,2688900,23291500,1523600
2020-08-20,117.9,3297.37,257.97,123.48,269.01,1576.25,118.28,3297.37,257.97,123.48,269.01,1576.25,118.39,3312.62,258.88,123.56,269.63,1580.17,115.73,3238.0,254.18,121.25,261.46,1534.46,115.75,3252.0,256.89,121.79,261.5,1539.97,126907200,3332500,21460800,2383200,20299700,1319100
2020-08-21,123.97,3284.72,265.8,122.45,267.01,1575.57,124.37,3284.72,265.8,122.45,267.01,1575.57,124.87,3314.4,267.43,123.65,270.49,1591.88,119.25,3275.39,258.31,121.1,266.42,1562.31,119.26,3295.0,259.03,121.54,268.69,1571.8,338054800,3575900,25648200,2728400,15538600,1741900
2020-08-24,125.45,3307.46,276.02,122.88,271.39,1585.15,125.86,3307.46,276.02,122.88,271.39,1585.15,128.79,3380.32,276.97,124.73,277.25,1608.78,123.94,3257.56,271.62,122.45,268.77,1575.04,128.7,3310.15,273.24,123.87,271.07,1592.47,345937600,4666300,22475800,2384600,23685600,1281900
2020-08-25,124.42,3346.49,286.0,125.7,280.82,1605.85,124.82,3346.49,286.0,125.7,280.82,1605.85,125.18,3357.4,289.12,126.05,283.09,1608.88,123.05,3267.0,276.04,121.94,270.26,1577.88,124.7,3294.99,278.06,122.68,272.41,1580.1,211495600,3992800,27535500,4303000,42127200,1257500
2020-08-26,126.12,3441.85,291.96,127.47,303.91,1644.13,126.52,3441.85,291.96,127.47,303.91,1644.13,126.99,3451.74,292.48,128.0,304.67,1652.79,125.08,3344.57,284.1,123.66,284.0,1600.98,126.18,3351.11,289.26,125.95,284.0,1606.3,163022400,6508700,19530300,5613200,69015200,2609400
2020-08-27,124.61,3400.0,284.17,127.25,293.22,1628.52,125.01,3400.0,284.17,127.25,293.22,1628.52,127.49,3453.0,290.25,128.39,301.23,1647.99,123.83,3378.0,282.1,125.67,292.02,1618.81,127.14,3450.05,290.17,127.47,300.16,1646.61,155552400,4264800,14805800,2672300,30301300,1567500
2020-08-28,124.41,3401.8,289.0,129.0,293.66,1639.43,124.81,3401.8,289.0,129.0,293.66,1639.43,126.44,3433.37,289.5,129.03,297.23,1641.35,124.58,3386.5,283.57,126.58,290.98,1625.61,126.01,3423.0,285.09,127.12,295.0,1629.47,187630000,2897000,9681500,1862900,17157400,1120900
2020-08-31,128.63,3450.96,287.03,124.57,293.2,1629.53,129.04,3450.96,287.03,124.57,293.2,1629.53,131.0,3495.0,289.19,127.67,296.88,1644.5,126.0,3405.0,283.61,124.49,291.55,1625.33,127.58,3408.99,288.62,125.81,293.95,1643.57,225702700,4185900,13253800,4094800,17345100,1321100
2020-09-01,133.75,3499.12,298.0,126.93,295.44,1655.08,134.18,3499.12,298.0,126.93,295.44,1655.08,134.8,3513.87,298.0,127.09,301.49,1659.22,130.53,3467.0,288.87,124.93,292.71,1629.53,132.76,3489.58,289.2,125.37,294.71,1632.16,152470100,3476400,13797100,1812700,17295900,1133800
2020-09-02,130.98,3531.45,296.07,124.26,302.5,1717.39,131.4,3531.45,296.07,124.26,302.5,1717.39,137.98,3552.25,299.0,129.03,303.6,1726.1,127.0,3486.69,289.79,123.58,293.05,1660.19,137.59,3547.0,299.0,127.55,298.88,1668.01,200119000,3931500,12638600,2716000,24341400,2476100
2020-09-03,120.49,3368.0,282.5,121.42,291.12,1629.51,120.88,3368.0,282.5,121.42,291.12,1629.51,128.84,3488.41,290.73,124.21,297.6,1700.0,120.5,3303.0,278.16,119.63,283.63,1607.71,126.91,3485.0,289.0,123.47,295.99,1699.52,257599600,8161100,16766200,3780100,32294100,3186300
2020-09-04,120.57,3294.62,281.39,122.87,282.73,1581.21,120.96,3294.62,281.39,122.87,282.73,1581.21,123.7,3381.5,283.78,123.08,289.0,1634.99,110.89,3111.13,267.39,119.77,271.14,1537.97,120.07,3318.0,279.6,120.91,287.25,1609.0,332607200,8781800,15885800,3144600,30333700,2792500
2020-09-08,112.46,3149.84,270.02,119.31,271.16,1523.6,112.82,3149.84,270.02,119.31,271.16,1523.6,118.99,3250.85,273.97,120.25,279.3,1555.55,112.68,3130.0,266.59,116.41,269.42,1516.5,113.95,3144.0,270.23,117.59,271.28,1525.0,231366600,6094200,12734000,3534700,24864000,2701600
2020-09-09,116.94,3268.61,273.15,119.4,273.72,1547.23,117.32,3268.61,273.15,119.4,273.72,1547.23,119.14,3303.18,275.64,120.52,278.48,1558.72,115.26,3185.0,270.88,118.38,271.35,1525.17,117.26,3202.99,274.45,120.14,275.77,1548.9,176940500,5188700,9465700,1960800,22918800,1962100
2020-09-10,113.13,3175.11,267.55,119.16,268.09,1526.05,113.49,3175.11,267.55,119.16,268.09,1526.05,120.5,3349.89,277.1,119.78,279.16,1573.66,112.5,3170.55,267.4,117.77,267.03,1520.0,120.36,3307.22,274.9,119.7,275.51,1550.18,182274400,5330700,10676800,3459000,24814700,1651200
2020-09-11,111.64,3116.22,271.61,120.62,266.61,1515.76,112.0,3116.22,271.61,120.62,266.61,1515.76,115.23,3217.34,274.53,122.14,271.39,1538.7,110.0,3083.98,268.12,118.86,262.64,1493.02,114.57,3208.69,272.63,119.97,270.06,1528.15,180860300,5094000,9412800,2322100,18913900,1535300
2020-09-14,114.99,3102.97,274.1,121.88,266.15,1508.83,115.36,3102.97,274.1,121.88,266.15,1508.83,115.93,3187.39,276.29,122.89,276.64,1557.0,112.8,3096.0,271.76,120.87,265.7,1505.11,114.72,3172.94,275.36,121.35,270.95,1531.65,140150100,4529600,7883300,1231100,24093800,2133000
2020-09-15,115.17,3156.13,277.96,124.49,272.42,1535.12,115.54,3156.13,277.96,124.49,272.42,1535.12,118.83,3175.02,279.1,124.58,274.52,1550.99,113.61,3108.92,274.8,122.37,269.3,1522.1,118.33,3136.16,278.0,123.89,270.67,1527.89,184642000,4021500,8291400,2405100,18478500,1152100
2020-09-16,111.77,3078.1,278.14,126.03,263.52,1512.09,112.13,3078.1,278.14,126.03,263.52,1512.09,116.0,3187.24,283.61,127.25,272.44,1554.37,112.04,3074.15,278.0,124.48,261.79,1511.59,115.23,3179.99,281.03,125.17,267.29,1542.48,154679000,4512200,9583500,2456900,29183400,1106400
2020-09-17,109.99,3008.73,275.72,124.67,254.82,1487.04,110.34,3008.73,275.72,124.67,254.82,1487.04,112.2,3029.43,275.9,124.84,261.5,1498.66,108.71,2972.55,272.32,122.62,250.19,1462.46,109.72,3009.25,273.11,123.0,258.28,1485.81,178011000,6449100,8016900,2437500,31281400,2000400
2020-09-18,106.5,2954.91,272.41,124.66,252.53,1451.09,106.84,2954.91,272.41,124.66,252.53,1451.09,110.88,3037.8,277.27,125.1,259.2,1495.2,106.09,2905.54,270.55,122.51,250.05,1431.62,110.4,3031.74,275.98,124.6,258.4,1488.3,287104900,8892600,11753500,3237700,28130800,3152800
2020-09-21,109.73,2960.47,273.82,124.55,248.15,1430.14,110.08,2960.47,273.82,124.55,248.15,1430.14,110.19,2962.0,274.22,124.66,249.95,1440.06,103.1,2871.0,266.4,120.24,244.13,1402.68,104.54,2906.5,269.1,121.36,247.54,1431.62,195713800,6117900,9076400,2661000,24709400,2845400
2020-09-22,111.45,3128.99,275.29,124.03,254.75,1459.82,111.81,3128.99,275.29,124.03,254.75,1459.82,112.86,3133.99,276.32,125.24,255.32,1463.97,109.16,3000.2,270.05,122.72,248.22,1429.5,112.68,3033.84,276.02,125.24,253.31,1450.32,183055400,6948800,9673300,1888000,30293100,1697500
2020-09-23,106.78,2999.86,272.95,122.92,249.02,1409.39,107.12,2999.86,272.95,122.92,249.02,1409.39,112.11,3127.0,277.83,126.39,257.99,1453.08,106.77,2992.38,271.5,122.61,248.15,1402.68,111.62,3120.43,275.4,123.42,255.26,1452.09,150718700,5652700,7353200,2463900,19641300,1886300
2020-09-24,107.87,3019.79,269.73,123.76,249.53,1422.86,108.22,3019.79,269.73,123.76,249.53,1422.86,110.25,3069.3,271.25,123.88,252.24,1437.99,105.0,2965.0,267.33,120.79,245.62,1402.15,105.17,2977.79,267.93,121.28,246.5,1402.68,167743300,5529400,9562100,2644300,20006800,1727600
2020-09-25,111.92,3095.13,271.09,123.79,254.82,1439.06,112.28,3095.13,271.09,123.79,254.82,1439.06,112.44,3101.54,271.81,123.95,255.75,1445.94,107.67,2999.0,264.56,121.0,246.61,1407.68,108.43,3054.86,267.57,122.24,249.4,1425.05,149981400,4615200,11466600,3208700,18351300,1516300
2020-09-28,114.59,3174.05,276.01,126.04,256.82,1458.66,114.96,3174.05,276.01,126.04,256.82,1458.66,115.32,3175.04,278.84,126.12,259.6,1472.99,112.78,3117.17,274.2,124.23,254.82,1446.28,115.01,3148.85,275.53,124.49,259.4,1471.99,137672400,4224200,8761700,3999000,18826300,1539200
2020-09-29,113.72,3144.88,276.93,122.58,261.79,1466.02,114.09,3144.88,276.93,122.58,261.79,1466.02,115.31,3188.26,279.3,125.8,263.33,1472.0,113.57,3132.54,274.9,122.47,256.9,1454.0,114.55,3175.39,275.43,125.04,257.81,1463.91,99382200,3495800,7673300,3907000,20200200,1590800
2020-09-30,115.44,3148.73,293.98,126.59,261.9,1465.6,115.81,3148.73,293.98,126.59,261.9,1465.6,117.26,3212.88,295.0,129.0,266.08,1486.2,113.62,3133.99,283.71,123.07,260.1,1455.76,113.79,3141.14,284.01,123.84,261.98,1460.94,142675200,4896100,24777700,3863100,20142500,2046200
2020-10-01,116.41,3221.26,290.05,126.45,266.63,1487.9,116.79,3221.26,290.05,126.45,266.63,1487.9,117.72,3224.0,295.59,127.29,268.33,1495.07,115.83,3172.0,288.25,125.52,264.8,1476.8,117.64,3208.0,295.26,126.53,265.35,1483.66,116120400,4971900,16304000,1842900,20009800,1644200
2020-10-02,112.66,3125.0,288.17,124.62,259.94,1455.6,113.02,3125.0,288.17,124.62,259.94,1455.6,115.37,3195.8,291.98,126.09,265.15,1479.03,112.22,3123.0,286.51,123.5,259.18,1447.35,112.89,3153.63,286.62,124.66,261.21,1459.63,144712000,5613100,11482800,2034600,16367600,1561100
2020-10-05,116.13,3199.2,288.27,124.7,264.65,1482.83,116.5,3199.2,288.27,124.7,264.65,1482.83,116.65,3202.53,290.0,126.12,264.87,1484.7,113.55,3140.85,284.88,124.1,260.84,1460.09,113.91,3145.84,289.06,124.83,262.2,1462.65,106243800,3775300,17876400,1931800,12822300,1080100
2020-10-06,112.8,3099.96,292.39,124.83,258.66,1451.02,113.16,3099.96,292.39,124.83,258.66,1451.02,116.12,3182.0,296.84,127.08,265.69,1484.52,112.25,3090.0,286.91,124.18,258.24,1445.01,115.7,3165.0,287.41,124.98,261.78,1475.5,161498200,5086900,15860400,1610900,18696900,1304800
2020-10-07,114.71,3195.69,296.5,126.35,258.12,1459.14,115.08,3195.69,296.5,126.35,258.12,1459.14,115.55,3200.0,299.51,126.99,260.18,1468.97,114.13,3132.39,292.87,125.32,254.82,1433.23,114.62,3135.0,297.99,125.8,259.21,1459.31,96849000,4309400,16669300,1715500,23133400,1805400
2020-10-08,114.6,3190.55,300.54,126.75,263.76,1483.43,114.97,3190.55,300.54,126.75,263.76,1483.43,116.4,3233.29,302.3,128.7,264.62,1488.03,114.59,3174.99,295.44,126.39,259.15,1465.45,116.25,3224.99,298.11,128.7,259.75,1465.45,83477200,3174100,15105800,1341500,16312800,1303800
2020-10-09,116.59,3286.65,299.74,126.49,264.45,1510.45,116.97,3286.65,299.74,126.49,264.45,1510.45,117.0,3288.99,302.61,127.64,264.75,1511.85,114.92,3197.83,297.74,126.11,262.17,1487.0,115.28,3210.0,298.55,126.79,264.52,1492.86,100506900,4907900,11442200,1353800,14107800,1648300
2020-10-12,124.0,3442.93,306.34,127.72,275.75,1564.59,124.4,3442.93,306.34,127.72,275.75,1564.59,125.18,3496.24,309.64,129.1,280.18,1588.42,119.28,3339.55,301.29,127.13,267.87,1529.3,120.06,3349.94,303.95,129.03,270.2,1538.0,240226800,8364200,14780100,3463400,31019300,2767200
2020-10-13,120.71,3443.63,308.78,127.05,276.14,1567.07,121.1,3443.63,308.78,127.05,276.14,1567.07,125.39,3492.38,310.01,128.01,279.1,1585.16,119.65,3424.22,303.03,126.38,273.39,1558.63,125.27,3467.99,306.36,127.83,277.58,1577.01,262330500,5744700,10898500,2342000,18063300,1953600
2020-10-14,120.8,3363.71,301.04,136.07,271.82,1563.44,121.19,3363.71,301.04,136.07,271.82,1563.44,123.03,3464.88,309.96,138.98,278.75,1583.85,119.62,3340.0,300.8,127.35,271.5,1545.9,121.0,3447.0,309.0,127.8,277.62,1574.6,151062300,5828900,15157800,11029900,15577800,1659200
2020-10-15,120.32,3338.65,299.46,130.04,266.72,1555.47,120.71,3338.65,299.46,130.04,266.72,1555.47,121.2,3355.88,299.86,134.7,269.04,1571.4,118.15,3280.0,292.61,129.68,263.67,1541.13,118.72,3292.01,293.8,133.2,267.6,1544.5,112559200,5223400,9709900,6413800,15416100,1560500
2020-10-16,118.64,3272.71,307.31,130.37,265.93,1567.7,119.02,3272.71,307.31,130.37,265.93,1567.7,121.55,3399.66,310.0,132.91,271.37,1577.71,118.81,3160.0,302.95,130.23,265.3,1557.66,121.28,3363.23,303.99,131.9,267.38,1561.83,115393800,6474400,12338000,2523200,16622700,1709700
2020-10-19,115.61,3207.21,305.29,129.25,261.4,1529.95,115.98,3207.21,305.29,129.25,261.4,1529.95,120.42,3329.0,313.81,133.46,268.55,1583.93,115.66,3192.74,303.41,128.7,259.88,1522.92,119.96,3299.61,309.89,131.5,265.53,1575.93,120639300,5223600,14107300,2232800,13587000,1486700
2020-10-20,117.13,3217.01,309.81,130.08,267.56,1551.08,117.51,3217.01,309.81,130.08,267.56,1551.08,118.98,3266.0,311.8,131.79,269.7,1573.84,115.63,3192.01,307.06,128.49,262.88,1520.5,116.2,3222.28,307.6,130.01,263.06,1523.11,124423700,4509700,8806100,2175600,18763200,2083500
2020-10-21,116.49,3184.94,307.97,134.84,278.73,1585.99,116.87,3184.94,307.97,134.84,278.73,1585.99,118.71,3233.88,314.0,136.17,283.05,1615.14,116.45,3160.0,307.7,132.01,276.37,1567.14,116.67,3212.5,311.75,132.63,279.56,1569.85,89946000,4592700,11139700,3687000,28998600,3016100
2020-10-22,115.38,3176.4,306.28,132.86,278.12,1606.66,115.75,3176.4,306.28,132.86,278.12,1606.66,118.04,3198.75,311.85,135.13,282.45,1613.42,114.59,3121.94,304.21,130.48,275.04,1577.48,117.45,3189.87,311.46,134.51,279.87,1585.0,101988000,4212000,8008400,2298000,16720000,1525600
2020-10-23,114.67,3204.4,309.92,133.93,284.79,1632.98,115.04,3204.4,309.92,133.93,284.79,1632.98,116.55,3205.33,310.33,134.15,285.24,1634.12,114.28,3140.0,304.06,130.3,276.82,1611.91,116.39,3191.0,307.27,133.0,278.8,1615.05,82572600,3466700,6231400,1782300,17535200,1527400
2020-10-26,114.68,3207.04,306.87,132.95,277.11,1584.29,115.05,3207.04,306.87,132.95,277.11,1584.29,116.55,3282.98,315.46,134.9,285.23,1629.58,112.88,3153.3,303.2,131.13,274.26,1567.78,114.01,3198.74,309.92,132.85,283.16,1615.0,111850700,5901200,9350100,3637800,21322900,1791300
2020-10-27,116.23,3286.33,317.14,134.89,283.29,1598.88,116.6,3286.33,317.14,134.89,283.29,1598.88,117.28,3291.66,319.32,135.31,284.51,1602.0,114.54,3211.3,305.61,131.75,276.31,1576.99,115.49,3224.94,307.75,132.0,278.76,1588.93,92276800,4291000,13175900,3598500,16287200,1295100
2020-10-28,110.84,3162.78,307.94,130.7,267.67,1510.8,111.2,3162.78,307.94,130.7,267.67,1510.8,115.43,3264.02,313.5,132.43,278.79,1553.81,111.1,3162.47,306.0,128.02,267.26,1508.48,115.05,3249.3,313.5,132.07,278.79,1550.01,143937800,5588300,13644500,5821000,23121800,2258700
2020-10-29,114.95,3211.01,312.56,131.96,280.83,1556.88,115.32,3211.01,312.56,131.96,280.83,1556.88,116.93,3257.25,315.58,132.93,283.6,1588.74,112.2,3164.0,308.91,130.06,273.78,1516.55,112.37,3201.27,309.44,130.94,276.55,1517.02,146129200,6596500,11174500,5312800,32368100,2770300
2020-10-30,108.51,3036.15,304.69,133.05,263.11,1616.11,108.86,3036.15,304.69,133.05,263.11,1616.11,111.99,3167.0,310.83,133.31,276.7,1681.32,107.72,3019.0,300.19,130.47,259.1,1601.57,111.06,3157.75,308.55,131.0,274.5,1667.44,190272600,8386400,14918500,5494100,47247800,4993900
2020-11-02,108.42,3004.48,310.84,134.05,261.36,1624.32,108.77,3004.48,310.84,134.05,261.36,1624.32,110.68,3079.71,311.44,137.87,270.47,1658.24,107.32,2950.12,305.39,132.89,257.34,1614.24,109.11,3061.74,310.95,134.31,264.6,1623.54,122866900,7257400,11857600,2705100,27165700,2211400
2020-11-03,110.09,3048.41,285.57,134.11,265.3,1645.66,110.44,3048.41,285.57,134.11,265.3,1645.66,111.49,3074.9,294.28,134.96,270.05,1659.0,108.73,2980.98,280.78,131.0,260.88,1612.11,109.66,3018.53,286.2,134.66,263.16,1630.76,107624400,4897900,58132500,2612800,17961900,1571600
2020-11-04,114.58,3241.16,295.71,140.31,287.38,1745.85,114.95,3241.16,295.71,140.31,287.38,1745.85,115.59,3244.85,299.17,143.77,288.94,1770.03,112.35,3139.73,285.3,135.79,278.62,1703.0,114.14,3159.99,287.79,137.84,281.0,1705.58,138235500,6839000,28791200,4865600,35364400,3567100
2020-11-05,118.65,3322.0,287.75,143.94,294.68,1762.5,119.03,3322.0,287.75,143.94,294.68,1762.5,119.62,3366.8,291.25,145.05,297.38,1791.82,116.87,3288.88,279.6,141.9,288.95,1741.03,117.95,3319.97,289.09,144.97,291.9,1770.45,126387100,5789300,50065200,4303100,23823600,1987900
2020-11-06,118.51,3311.37,299.95,144.0,293.41,1759.73,118.69,3311.37,299.95,144.0,293.41,1759.73,119.2,3322.0,300.89,145.36,294.6,1768.5,116.13,3232.0,289.79,141.79,288.06,1736.68,118.32,3304.64,291.49,143.87,293.95,1751.34,114457900,4647300,25259600,2501100,13891000,1431100
2020-11-09,116.15,3143.74,290.53,144.19,278.77,1761.42,116.32,3143.74,290.53,144.19,278.77,1761.42,121.99,3289.0,304.0,148.38,292.58,1816.89,116.05,3112.11,290.5,143.06,278.53,1757.55,120.5,3231.03,303.77,148.38,289.87,1795.98,154515300,7190400,22559900,3230000,25117700,2672000
2020-11-10,115.8,3035.02,266.54,143.25,272.43,1737.72,115.97,3035.02,266.54,143.25,272.43,1737.72,117.59,3114.0,280.0,145.44,274.0,1759.38,114.13,3019.48,264.33,141.2,264.0,1716.12,115.55,3095.02,279.97,141.2,273.1,1729.77,138023400,6591000,61064000,3692200,29067700,2151100
2020-11-11,119.31,3137.39,265.65,143.06,276.48,1747.23,119.49,3137.39,265.65,143.06,276.48,1747.23,119.63,3139.15,271.92,143.44,278.4,1762.9,116.44,3050.0,261.2,140.68,272.48,1743.06,117.19,3061.78,261.92,142.34,273.47,1748.4,112295000,4366900,41699000,2670900,14957000,1591900
2020-11-12,119.03,3110.28,264.31,142.47,275.08,1742.82,119.21,3110.28,264.31,142.47,275.08,1742.82,120.53,3175.88,271.2,145.99,279.75,1764.98,118.57,3086.05,263.04,142.0,274.43,1737.97,119.62,3159.95,271.04,144.27,277.18,1742.0,103162300,4362000,27119100,2788100,12899500,1323700
2020-11-13,119.08,3128.81,260.84,145.08,276.95,1772.26,119.26,3128.81,260.84,145.08,276.95,1772.26,119.67,3141.72,265.44,145.2,277.76,1777.13,117.87,3085.39,257.17,142.5,273.1,1735.98,119.44,3122.0,264.72,144.51,277.72,1748.0,81581900,3756200,33942800,2436400,10391200,1487200
2020-11-16,120.12,3131.06,258.31,147.84,278.96,1774.03,120.3,3131.06,258.31,147.84,278.96,1774.03,120.99,3142.7,262.57,151.18,279.41,1794.34,118.15,3072.69,257.03,146.22,274.63,1761.33,118.92,3093.2,260.42,146.71,275.05,1764.14,91183000,3808700,20864200,4901000,12970400,1273400
2020-11-17,119.21,3135.66,256.8,143.92,275.0,1761.66,119.39,3135.66,256.8,143.92,275.0,1761.66,120.67,3189.25,260.28,145.48,277.68,1777.14,118.96,3135.26,256.54,141.02,273.29,1759.49,119.55,3183.54,260.28,145.0,277.68,1767.86,74271000,3444700,19739500,5062500,15040300,1065700
2020-11-18,117.85,3105.46,255.83,142.07,271.97,1740.64,118.03,3105.46,255.83,142.07,271.97,1740.64,119.82,3140.0,258.31,147.29,277.39,1765.0,118.0,3105.1,252.55,141.95,271.84,1738.57,118.61,3134.0,257.76,143.48,274.52,1756.64,76322100,2916800,28307100,5826300,12152900,1005400
2020-11-19,118.46,3117.02,259.89,136.48,272.94,1758.57,118.64,3117.02,259.89,136.48,272.94,1758.57,119.06,3125.0,261.4,139.0,273.47,1763.49,116.81,3080.92,253.56,135.26,269.19,1730.02,117.59,3105.31,255.0,138.67,271.02,1733.23,74113000,3010300,20752800,5913800,12963700,1005300
2020-11-20,117.16,3099.4,270.74,136.11,269.7,1736.38,117.34,3099.4,270.74,136.11,269.7,1736.38,118.77,3132.89,272.37,137.97,273.0,1768.36,117.29,3098.05,261.9,136.0,269.41,1735.0,118.64,3117.02,263.97,137.1,272.56,1762.0,73604300,3374400,34178400,5839600,18114700,1384700
2020-11-23,113.68,3098.39,270.11,133.04,268.43,1727.56,113.85,3098.39,270.11,133.04,268.43,1727.56,117.62,3139.75,275.73,136.74,270.95,1745.99,113.75,3065.46,266.41,132.5,264.53,1710.18,117.18,3116.7,274.75,136.21,270.89,1740.22,127959300,4708900,25317100,5670200,20990800,1126500
2020-11-24,115.0,3118.06,279.96,134.36,276.92,1763.9,115.17,3118.06,279.96,134.36,276.92,1763.9,115.85,3134.25,280.61,135.38,277.82,1766.48,112.59,3086.26,272.8,132.44,267.87,1720.73,113.91,3100.5,276.23,134.7,268.49,1727.5,113874200,3602100,20660500,4693700,16930400,1399200
2020-11-25,115.86,3185.07,277.72,136.0,275.59,1764.13,116.03,3185.07,277.72,136.0,275.59,1764.13,116.75,3198.0,279.33,136.2,280.18,1770.38,115.17,3140.26,274.05,132.26,272.65,1748.36,115.55,3141.87,275.7,133.07,278.14,1767.81,76499200,3790400,15229300,3101800,12467000,980000
2020-11-27,116.42,3195.34,276.48,139.42,277.81,1787.02,116.59,3195.34,276.48,139.42,277.81,1787.02,117.49,3216.19,278.92,139.99,279.13,1797.01,116.22,3190.05,275.67,135.09,274.82,1764.54,116.57,3211.26,278.8,136.75,277.39,1764.54,46691300,2392900,9583200,3292900,7808400,739500
2020-11-30,118.87,3168.04,263.36,138.99,276.97,1754.4,119.05,3168.04,263.36,138.99,276.97,1754.4,120.97,3228.39,268.97,139.4,277.7,1780.34,116.81,3125.55,262.52,135.01,271.01,1747.84,116.97,3208.48,268.97,137.27,276.03,1775.65,169410200,4063900,30476100,5715400,16693300,1620900
2020-12-01,122.54,3220.08,264.01,140.26,286.55,1795.36,122.72,3220.08,264.01,140.26,286.55,1795.36,123.47,3248.95,265.67,142.2,289.3,1821.72,120.01,3157.18,261.57,137.57,278.96,1763.03,121.01,3188.5,265.47,139.06,279.16,1766.66,128166800,4544400,14606300,3172600,20777900,1868100
2020-12-02,122.9,3203.53,261.32,143.7,287.52,1824.97,123.08,3203.53,261.32,143.7,287.52,1824.97,123.37,3232.0,263.1,143.84,291.78,1832.74,120.89,3173.26,260.11,139.0,280.83,1785.17,122.02,3221.65,262.0,139.0,285.36,1795.36,89004200,3129300,13919700,3504600,17361600,1471200
2020-12-03,122.76,3186.73,266.91,144.24,281.85,1821.84,122.94,3186.73,266.91,144.24,281.85,1821.84,123.78,3228.64,268.6,145.1,286.65,1843.83,122.21,3181.31,263.14,142.06,281.07,1817.0,123.52,3205.46,263.78,143.7,286.25,1820.54,78967600,2892000,15520500,3059200,12921700,1236400
2020-12-04,122.07,3162.58,267.25,144.07,279.7,1823.76,122.25,3162.58,267.25,144.07,279.7,1823.76,122.86,3198.21,271.3,146.2,283.46,1829.5,121.52,3158.76,266.27,143.8,279.3,1813.59,122.6,3198.21,271.02,144.3,280.3,1820.22,78260400,2913600,15527600,2450200,10880300,1027200
2020-12-07,123.57,3158.0,264.0,144.3,285.58,1817.03,123.75,3158.0,264.0,144.3,285.58,1817.03,124.57,3180.76,265.97,145.2,288.49,1829.29,122.25,3141.69,262.6,142.54,278.2,1803.04,122.31,3156.48,265.7,143.73,279.19,1815.55,86712000,2751300,11388700,2302900,13007700,1114400
2020-12-08,124.19,3177.29,266.09,144.99,283.4,1811.33,124.38,3177.29,266.09,144.99,283.4,1811.33,124.98,3184.13,268.4,147.07,286.43,1815.97,123.09,3120.02,263.87,143.5,281.55,1791.28,124.37,3158.9,265.2,146.61,286.01,1808.52,82225500,3286300,9447700,3886700,10747700,996800
2020-12-09,121.6,3104.2,263.8,151.59,277.92,1777.86,121.78,3104.2,263.8,151.59,277.92,1777.86,125.95,3174.43,267.91,156.56,287.63,1828.37,121.0,3088.0,263.1,147.01,271.75,1762.0,124.53,3167.89,267.56,148.0,283.66,1810.36,115089200,4100800,9060700,6953800,25189700,1586400
2020-12-10,123.06,3101.49,264.87,158.32,277.12,1767.65,123.24,3101.49,264.87,158.32,277.12,1767.65,123.87,3142.1,266.09,158.8,278.73,1774.99,120.15,3076.0,261.2,151.73,271.86,1733.53,120.5,3088.99,261.99,154.12,275.54,1762.6,81312200,3030200,10290300,5265900,20065100,1434400
2020-12-11,122.23,3116.42,264.54,161.24,273.55,1774.8,122.41,3116.42,264.54,161.24,273.55,1774.8,122.76,3118.67,265.32,163.4,276.48,1777.31,120.55,3072.82,262.5,157.68,270.25,1752.74,122.43,3096.66,264.29,158.03,274.53,1760.0,86939800,3064700,7771300,6179800,14391400,931400
2020-12-14,121.6,3156.97,256.03,162.96,274.19,1752.26,121.78,3156.97,256.03,162.96,274.19,1752.26,123.35,3190.47,260.86,167.29,277.22,1789.8,121.54,3126.0,256.03,162.82,271.56,1749.13,122.6,3143.0,260.32,164.8,273.37,1770.72,79184500,4155800,18369900,4907300,16376900,1652500
2020-12-15,127.69,3165.12,255.11,185.5,275.55,1761.08,127.88,3165.12,255.11,185.5,275.55,1761.08,127.9,3188.5,255.68,186.61,276.08,1764.0,124.13,3130.49,252.3,168.16,267.47,1741.67,124.34,3181.01,255.34,169.75,274.83,1759.86,157572300,3323700,16595600,19182300,23979500,1068300
2020-12-16,127.62,3240.96,261.89,190.4,275.67,1757.19,127.81,3240.96,261.89,190.4,275.67,1757.19,128.37,3247.0,263.18,201.11,277.86,1769.11,126.56,3163.68,257.04,185.53,272.51,1749.06,127.41,3176.01,257.74,189.34,274.76,1769.11,98208600,4427600,15804800,32288400,15885000,1233800
2020-12-17,128.51,3236.08,264.43,190.11,274.48,1740.51,128.7,3236.08,264.43,190.11,274.48,1740.51,129.58,3263.51,264.85,193.99,280.44,1766.71,128.04,3221.0,260.2,184.8,273.61,1731.15,128.9,3250.0,264.7,185.14,277.07,1763.93,94359800,3474300,14306600,10796900,16377800,1744000
2020-12-18,126.47,3201.65,260.0,192.69,276.4,1726.22,126.66,3201.65,260.0,192.69,276.4,1726.22,129.1,3249.42,264.9,199.8,278.0,1748.36,126.12,3171.6,259.2,190.17,271.14,1715.0,128.96,3243.99,263.9,191.97,275.77,1746.17,192541500,5995700,15981800,15076100,26693200,4262800
2020-12-21,128.04,3206.18,260.43,193.08,272.79,1734.56,128.23,3206.18,260.43,193.08,272.79,1734.56,128.31,3226.97,260.46,202.79,274.67,1737.0,123.45,3166.0,254.5,188.51,267.79,1694.0,125.02,3200.01,255.17,188.95,272.98,1709.13,121251600,3836800,10901800,12746600,16553700,1698700
2020-12-22,131.68,3206.52,255.83,191.26,267.09,1720.22,131.88,3206.52,255.83,191.26,267.09,1720.22,134.41,3222.0,258.34,199.0,271.5,1732.61,129.65,3180.08,255.41,187.88,264.63,1705.78,131.61,3202.84,257.87,197.85,271.5,1729.33,168904800,2369400,11468400,6203900,17312900,1018500
2020-12-23,130.76,3185.27,256.18,193.36,268.11,1728.23,130.96,3185.27,256.18,193.36,268.11,1728.23,132.43,3210.13,257.35,195.49,272.17,1744.11,130.78,3184.17,252.53,185.16,266.23,1721.2,132.16,3205.0,255.5,191.35,266.89,1723.93,88223700,2093800,10729200,5438400,14329000,1148700
2020-12-24,131.77,3172.69,222.0,191.02,267.4,1734.16,131.97,3172.69,222.0,191.02,267.4,1734.16,133.46,3202.0,229.9,192.88,270.4,1742.41,131.1,3169.0,211.23,189.0,266.2,1724.35,131.32,3193.9,228.24,189.75,268.88,1729.0,54930100,1451900,141830000,2978900,6702000,465600
2020-12-28,136.49,3283.96,222.36,193.08,277.0,1773.96,136.69,3283.96,222.36,193.08,277.0,1773.96,137.34,3304.0,224.99,198.74,277.3,1787.0,133.51,3172.69,215.32,189.34,265.66,1741.82,133.99,3194.0,216.88,189.63,268.74,1744.91,124486200,5686800,73512100,5685900,23299700,1382500
2020-12-29,134.67,3322.0,236.26,195.07,276.78,1757.76,134.87,3322.0,236.26,195.07,276.78,1757.76,138.79,3350.65,239.19,199.88,280.51,1788.47,134.34,3281.22,229.6,192.65,276.28,1755.11,138.05,3309.94,231.76,195.97,276.95,1787.23,121047300,4872900,69715900,5723600,16383000,986300
2020-12-30,133.52,3285.85,238.39,219.63,271.87,1736.25,133.72,3285.85,238.39,219.63,271.87,1736.25,135.99,3342.1,243.39,220.6,278.08,1767.76,133.4,3282.47,234.65,198.05,271.71,1728.0,135.58,3341.0,243.35,198.1,277.95,1765.0,96452100,3209300,44812300,25429300,11803800,1051300
